Date,Close
2019-04-08,49.0532341003418
2019-04-09,56.9508056640625
2019-04-10,56.54856872558594
2019-04-11,54.93962097167969
2019-04-12,52.97749710083008
2019-04-15,54.037044525146484
2019-04-16,55.23393630981445
2019-04-17,56.75459289550781
2019-04-18,54.8513298034668
2019-04-23,55.1162109375
2019-04-24,56.47008514404297
2019-04-25,58.442020416259766
2019-04-26,57.8828239440918
2019-04-29,57.63755416870117
2019-04-30,57.568878173828125
2019-05-02,58.86388397216797
2019-05-03,58.60881042480469
2019-05-06,58.92274856567383
2019-05-07,58.657859802246094
2019-05-08,59.364227294921875
2019-05-09,59.82532501220703
2019-05-10,61.66972732543945
2019-05-13,61.532386779785156
2019-05-14,60.335479736328125
2019-05-15,60.42377853393555
2019-05-16,61.39503479003906
2019-05-17,60.826011657714844
2019-05-20,59.29555130004883
2019-05-21,58.56956100463867
2019-05-22,58.28505325317383
2019-05-23,58.1771354675293
2019-05-24,57.755279541015625
2019-05-27,57.048912048339844
2019-05-28,57.59831237792969
2019-05-29,57.49039077758789
2019-05-31,57.12739944458008
2019-06-03,57.608123779296875
2019-06-04,57.4020881652832
2019-06-05,57.23531723022461
2019-06-06,56.93118667602539
2019-06-07,57.23531723022461
2019-06-11,57.8828239440918
2019-06-12,57.62773895263672
2019-06-13,57.52963638305664
2019-06-14,56.88212966918945
2019-06-17,56.99985885620117
2019-06-18,57.63755416870117
2019-06-19,57.35304641723633
2019-06-20,57.441341400146484
2019-06-21,56.90175247192383
2019-06-24,56.88212966918945
2019-06-25,56.52894973754883
2019-06-26,56.94099426269531
2019-06-27,57.666988372802734
2019-06-28,59.138587951660156
2019-07-01,59.80569839477539
2019-07-02,60.031349182128906
2019-07-03,60.65923309326172
2019-07-04,60.04116439819336
2019-07-05,59.45252227783203
2019-07-08,59.442710876464844
2019-07-09,59.12876892089844
2019-07-10,59.158199310302734
2019-07-11,59.531009674072266
2019-07-12,59.069908142089844
2019-07-15,58.86388397216797
2019-07-16,58.74615478515625
2019-07-17,58.92274856567383
2019-07-18,58.63823699951172
2019-07-19,57.82395553588867
2019-07-22,57.78471755981445
2019-07-23,57.588497161865234
2019-07-24,56.88212966918945
2019-07-25,57.00967025756836
2019-07-26,57.53944778442383
2019-07-29,57.716041564941406
2019-07-30,57.451148986816406
2019-07-31,56.90175247192383
2019-08-02,56.48971176147461
2019-08-05,55.60675048828125
2019-08-06,55.97955322265625
2019-08-07,56.371978759765625
2019-08-08,56.83308029174805
2019-08-09,56.90175247192383
2019-08-12,56.813453674316406
2019-08-13,56.90175247192383
2019-08-14,56.224815368652344
2019-08-15,56.96062088012695
2019-08-16,58.08884048461914
2019-08-19,59.256309509277344
2019-08-20,59.45252227783203
2019-08-21,58.70691680908203
2019-08-22,58.000545501708984
2019-08-23,56.126712799072266
2019-08-26,56.2836799621582
2019-08-27,57.37266540527344
2019-08-28,58.20657730102539
2019-08-29,58.66767501831055
2019-08-30,59.158199310302734
2019-09-02,58.81483459472656
2019-09-03,58.56956100463867
2019-09-04,58.461647033691406
2019-09-05,58.37335205078125
2019-09-06,58.1771354675293
2019-09-09,57.20588684082031
2019-09-10,57.31379699707031
2019-09-11,58.23600387573242
2019-09-12,58.128082275390625
2019-09-13,57.92205810546875
2019-09-16,57.63755416870117
2019-09-17,57.82395553588867
2019-09-18,58.1771354675293
2019-09-19,57.8828239440918
2019-09-20,58.19675827026367
2019-09-23,58.41259765625
2019-09-24,58.422401428222656
2019-09-25,57.97111892700195
2019-09-26,57.451148986816406
2019-09-27,57.28437042236328
2019-09-30,57.09796905517578
2019-10-01,56.21501159667969
2019-10-02,55.60675048828125
2019-10-03,55.39091491699219
2019-10-04,55.292808532714844
2019-10-07,55.76371765136719
2019-10-08,54.95924377441406
2019-10-09,54.73360061645508
2019-10-10,54.99849319458008
2019-10-11,55.135841369628906
2019-10-14,55.62636947631836
2019-10-15,56.55838394165039
2019-10-16,56.636863708496094
2019-10-17,57.117584228515625
2019-10-18,56.99985885620117
2019-10-21,56.86251449584961
2019-10-22,56.88212966918945
2019-10-23,56.411216735839844
2019-10-24,56.6564826965332
2019-10-25,57.05872344970703
2019-10-28,56.54856872558594
2019-10-29,56.764404296875
2019-10-30,56.99985885620117
2019-10-31,57.156829833984375
2019-11-01,57.26475143432617
2019-11-04,57.26475143432617
2019-11-05,57.09796905517578
2019-11-06,57.05872344970703
2019-11-07,57.09796905517578
2019-11-08,56.90175247192383
2019-11-11,56.85270309448242
2019-11-12,57.20588684082031
2019-11-13,57.09796905517578
2019-11-14,57.196075439453125
2019-11-15,56.99985885620117
2019-11-18,56.85270309448242
2019-11-19,57.225502014160156
2019-11-20,55.999176025390625
2019-11-21,55.6754264831543
2019-11-22,55.518455505371094
2019-11-25,55.39091491699219
2019-11-26,54.674739837646484
2019-11-27,54.66492462158203
2019-11-28,54.04685974121094
2019-11-29,54.16458511352539
2019-12-02,53.899696350097656
2019-12-03,53.5955696105957
2019-12-04,53.61519241333008
2019-12-05,53.674049377441406
2019-12-06,53.90950393676758
2019-12-09,53.79178237915039
2019-12-10,53.2031364440918
2019-12-11,53.624996185302734
2019-12-12,54.037044525146484
2019-12-13,53.80158996582031
2019-12-16,54.311744689941406
2019-12-17,54.30192565917969
2019-12-18,54.61587142944336
2019-12-19,54.743412017822266
2019-12-20,55.04753875732422
2019-12-23,54.93962097167969
2019-12-27,54.80227279663086
2019-12-30,53.76234436035156
2020-01-03,54.40003967285156
2020-01-06,54.449092864990234
2020-01-07,54.69435501098633
2020-01-08,54.409847259521484
2020-01-09,54.80227279663086
2020-01-10,54.57663345336914
2020-01-13,55.62636947631836
2020-01-14,56.98024368286133
2020-01-15,58.05941390991211
2020-01-16,57.62773895263672
2020-01-17,58.41259765625
2020-01-20,57.86319351196289
2020-01-21,58.36354446411133
2020-01-22,59.28573989868164
2020-01-23,58.7363395690918
2020-01-24,58.854068756103516
2020-01-27,58.19675827026367
2020-01-28,58.16733169555664
2020-01-29,57.80432891845703
2020-01-30,56.62705993652344
2020-01-31,55.86182403564453
2020-02-03,56.30330276489258
2020-02-04,57.59831237792969
2020-02-05,58.69710159301758
2020-02-06,59.069908142089844
2020-02-07,58.58918380737305
2020-02-10,58.62842559814453
2020-02-11,59.35441589355469
2020-02-12,59.74684524536133
2020-02-13,59.854759216308594
2020-02-14,60.30604553222656
2020-02-17,60.64942169189453
2020-02-18,60.7279052734375
2020-02-19,61.19881820678711
2020-02-20,60.992794036865234
2020-02-21,60.835819244384766
2020-02-24,58.7363395690918
2020-02-25,56.87232208251953
2020-02-26,60.826011657714844
2020-02-27,59.45252227783203
2020-02-28,57.84357452392578
2020-03-02,58.62842559814453
2020-03-03,60.64942169189453
2020-03-04,58.314491271972656
2020-03-05,57.961307525634766
2020-03-06,54.32155227661133
2020-03-09,51.42741394042969
2020-03-10,50.95650100708008
2020-03-11,49.85771179199219
2020-03-12,45.545928955078125
2020-03-13,45.41838836669922
2020-03-16,45.016151428222656
2020-03-17,44.73654556274414
2020-03-18,43.618141174316406
2020-03-19,44.147911071777344
2020-03-20,42.61745071411133
2020-03-23,38.11927032470703
2020-03-24,42.79404067993164
2020-03-25,45.12897872924805
2020-03-26,45.46254348754883
2020-03-27,44.24601745605469
2020-03-30,47.81218719482422
2020-03-31,48.39592742919922
2020-04-01,48.238948822021484
2020-04-02,46.67906188964844
2020-04-03,47.46391677856445
2020-04-06,50.132408142089844
2020-04-07,49.01399230957031
2020-04-08,48.82759094238281
2020-04-09,49.83808517456055
2020-04-14,49.56339645385742
2020-04-15,47.83671188354492
2020-04-16,48.42535400390625
2020-04-17,49.24945068359375
2020-04-20,50.779911041259766
2020-04-21,48.8079719543457
2020-04-22,49.85771179199219
2020-04-23,51.113468170166016
2020-04-24,50.367862701416016
2020-04-27,51.525516510009766
2020-04-28,51.34893035888672
2020-04-29,51.05461120605469
2020-04-30,49.975440979003906
2020-05-04,47.189212799072266
2020-05-05,49.62225341796875
2020-05-06,49.34754943847656
2020-05-07,51.32930374145508
2020-05-08,51.68248748779297
2020-05-11,51.40779113769531
2020-05-12,51.85908126831055
2020-05-13,54.390228271484375
2020-05-14,53.35029983520508
2020-05-15,53.52690124511719
2020-05-18,57.137210845947266
2020-05-19,57.568878173828125
2020-05-20,58.844268798828125
2020-05-22,58.432220458984375
2020-05-25,59.550628662109375
2020-05-26,58.92274856567383
2020-05-27,57.49039077758789
2020-05-28,59.88419723510742
2020-05-29,60.70828628540039
2020-06-02,59.66835403442383
2020-06-03,60.76715087890625
2020-06-04,59.80569839477539
2020-06-05,59.923439025878906
2020-06-08,58.76577377319336
2020-06-09,57.80432891845703
2020-06-10,57.09796905517578
2020-06-11,54.76303482055664
2020-06-12,53.8408317565918
2020-06-15,53.4680290222168
2020-06-16,55.44977569580078
2020-06-17,57.09796905517578
2020-06-18,57.03910446166992
2020-06-19,57.274559020996094
2020-06-22,56.15614700317383
2020-06-23,57.03910446166992
2020-06-24,53.64461898803711
2020-06-25,53.03636169433594
2020-06-26,54.370601654052734
2020-06-29,53.4680290222168
2020-06-30,53.3306770324707
2020-07-01,54.311744689941406
2020-07-02,54.507957458496094
2020-07-03,54.56682205200195
2020-07-06,54.60606002807617
2020-07-07,53.42878341674805
2020-07-08,52.64393615722656
2020-07-09,51.996429443359375
2020-07-10,51.976806640625
2020-07-13,52.48696517944336
2020-07-14,52.01605224609375
2020-07-15,55.48902130126953
2020-07-16,54.115535736083984
2020-07-17,54.507957458496094
2020-07-20,55.920692443847656
2020-07-21,55.60675048828125
2020-07-22,55.68523025512695
2020-07-23,56.077659606933594
2020-07-24,54.056663513183594
2020-07-27,55.253562927246094
2020-07-28,55.096595764160156
2020-07-29,56.19538497924805
2020-07-30,54.19401168823242
2020-07-31,53.95856475830078
2020-08-03,55.332054138183594
2020-08-04,54.97887420654297
2020-08-05,54.68455123901367
2020-08-06,54.449092864990234
2020-08-07,55.1947021484375
2020-08-10,54.46871566772461
2020-08-11,56.05803680419922
2020-08-12,56.17576599121094
2020-08-13,55.84219741821289
2020-08-14,54.76303482055664
2020-08-17,56.03841781616211
2020-08-18,53.95856475830078
2020-08-19,54.19401168823242
2020-08-20,52.27112579345703
2020-08-21,52.44771957397461
2020-08-24,52.879390716552734
2020-08-25,52.76165771484375
2020-08-26,52.035675048828125
2020-08-27,51.74135971069336
2020-08-28,51.113468170166016
2020-08-31,50.38748550415039
2020-09-01,50.52482986450195
2020-09-02,51.80021667480469
2020-09-03,49.91657638549805
2020-09-04,49.56339645385742
2020-09-07,50.2501335144043
2020-09-08,49.896949768066406
2020-09-09,50.1912727355957
2020-09-10,50.132408142089844
2020-09-11,50.60332107543945
2020-09-14,50.367862701416016
2020-09-15,51.21158218383789
2020-09-16,51.7609748840332
2020-09-17,52.72241973876953
2020-09-18,52.89900588989258
2020-09-21,50.58369827270508
2020-09-22,51.545143127441406
2020-09-23,51.7609748840332
2020-09-24,50.9368782043457
2020-09-25,51.093849182128906
2020-09-28,51.87870407104492
2020-09-29,51.70210647583008
2020-09-30,51.30968475341797
2020-10-01,51.87870407104492
2020-10-02,51.34893035888672
2020-10-05,51.7609748840332
2020-10-06,51.91794204711914
2020-10-07,51.996429443359375
2020-10-08,54.2136344909668
2020-10-09,55.096595764160156
2020-10-12,56.05803680419922
2020-10-13,55.940311431884766
2020-10-14,56.43084716796875
2020-10-15,54.72378921508789
2020-10-16,55.60675048828125
2020-10-19,55.27318572998047
2020-10-20,54.1547737121582
2020-10-21,53.271812438964844
2020-10-22,54.037044525146484
2020-10-23,55.39091491699219
2020-10-26,54.80227279663086
2020-10-27,53.93893814086914
2020-10-28,52.68317794799805
2020-10-29,50.9368782043457
2020-10-30,51.113468170166016
2020-11-02,51.27043914794922
2020-11-03,52.99711990356445
2020-11-04,54.84151840209961
2020-11-05,55.17508316040039
2020-11-06,55.44977569580078
2020-11-09,60.11964416503906
2020-11-10,57.98092269897461
2020-11-11,59.72722244262695
2020-11-12,57.23531723022461
2020-11-13,58.70691680908203
2020-11-16,59.3740348815918
2020-11-17,58.09865951538086
2020-11-18,56.90175247192383
2020-11-19,56.3131217956543
2020-11-20,56.17576599121094
2020-11-23,56.60744094848633
2020-11-24,56.3131217956543
2020-11-25,56.3131217956543
2020-11-26,56.43084716796875
2020-11-27,56.72515869140625
2020-11-30,56.88212966918945
2020-12-01,57.117584228515625
2020-12-02,55.86182403564453
2020-12-03,54.64530944824219
2020-12-04,55.528263092041016
2020-12-07,55.56751251220703
2020-12-08,55.72447967529297
2020-12-09,55.940311431884766
2020-12-10,56.018795013427734
2020-12-11,55.78334426879883
2020-12-14,56.33273696899414
2020-12-15,56.018795013427734
2020-12-16,56.58781051635742
2020-12-17,55.97955322265625
2020-12-18,56.43084716796875
2020-12-21,55.292808532714844
2020-12-22,56.23462677001953
2020-12-23,56.29349136352539
2020-12-28,57.451148986816406
2020-12-29,57.78471755981445
2020-12-30,57.72584915161133
2021-01-04,57.2941780090332
2021-01-05,57.31379699707031
2021-01-06,56.52894973754883
2021-01-07,58.60881042480469
2021-01-08,59.78607940673828
2021-01-11,58.96199417114258
2021-01-12,58.62842559814453
2021-01-13,60.217750549316406
2021-01-14,60.786773681640625
2021-01-15,61.159576416015625
2021-01-18,62.336849212646484
2021-01-19,63.572994232177734
2021-01-20,63.965423583984375
2021-01-21,63.31791687011719
2021-01-22,64.22050476074219
2021-01-25,65.16231536865234
2021-01-26,65.00536346435547
2021-01-27,65.39778137207031
2021-01-28,64.41670989990234
2021-01-29,62.788143157958984
2021-02-01,63.867313385009766
2021-02-02,65.26041412353516
2021-02-03,65.79019927978516
2021-02-04,67.18331146240234
2021-02-05,66.61428833007812
2021-02-08,66.30036163330078
2021-02-09,65.51549530029297
2021-02-10,64.88761901855469
2021-02-11,65.02497100830078
2021-02-12,65.24081420898438
2021-02-15,65.37814331054688
2021-02-16,64.63253784179688
2021-02-17,63.76921081542969
2021-02-18,62.94511413574219
2021-02-19,63.259056091308594
2021-02-22,63.121700286865234
2021-02-23,63.572994232177734
2021-02-24,62.96473693847656
2021-02-25,62.5919303894043
2021-02-26,61.35579299926758
2021-03-01,62.57230758666992
2021-03-02,62.88624572753906
2021-03-03,61.94442367553711
2021-03-04,61.7678337097168
2021-03-05,61.473514556884766
2021-03-08,62.16025924682617
2021-03-09,63.08245849609375
2021-03-10,63.08245849609375
2021-03-11,62.88624572753906
2021-03-12,62.5919303894043
2021-03-15,62.317230224609375
2021-03-16,62.67041778564453
2021-03-17,62.53306579589844
2021-03-18,62.67041778564453
2021-03-19,62.14064025878906
2021-03-22,62.454586029052734
2021-03-23,63.45526885986328
2021-03-24,63.78882598876953
2021-03-25,64.18125915527344
2021-03-26,64.00467681884766
2021-03-29,63.828067779541016
2021-03-30,65.33889770507812
2021-03-31,64.92686462402344
2021-04-01,65.4566421508789
2021-04-06,65.55474090576172
2021-04-07,65.00536346435547
2021-04-08,66.0256576538086
2021-04-09,66.31997680664062
2021-04-12,67.0263442993164
2021-04-13,66.1237564086914
2021-04-14,66.22187805175781
2021-04-15,66.7908935546875
2021-04-16,66.69278717041016
2021-04-19,66.28073120117188
2021-04-20,66.16300964355469
2021-04-21,67.75232696533203
2021-04-22,67.94855499267578
2021-04-23,68.0662612915039
2021-04-26,68.18399810791016
2021-04-27,67.87005615234375
2021-04-28,68.00740814208984
2021-04-29,67.65422821044922
2021-04-30,67.20292663574219
2021-05-03,67.83081817626953
2021-05-04,66.51428985595703
2021-05-05,62.68259048461914
2021-05-06,61.42501449584961
2021-05-07,63.11488342285156
2021-05-10,60.95341491699219
2021-05-11,60.6193733215332
2021-05-12,59.85303497314453
2021-05-14,60.83551788330078
2021-05-17,60.97306823730469
2021-05-18,60.717620849609375
2021-05-19,60.02988052368164
2021-05-20,60.67832565307617
2021-05-21,61.30711364746094
2021-05-25,60.85517120361328
2021-05-26,61.542903900146484
2021-05-27,60.5604248046875
2021-05-28,61.73940658569336
2021-05-31,61.46431350708008
2021-06-01,62.26994705200195
2021-06-02,61.81800079345703
2021-06-03,61.346405029296875
2021-06-04,62.053802490234375
2021-06-07,61.93589782714844
2021-06-08,61.14991760253906
2021-06-09,61.326759338378906
2021-06-10,61.366058349609375
2021-06-11,62.210994720458984
2021-06-14,62.721893310546875
2021-06-15,62.74154281616211
2021-06-16,63.03628921508789
2021-06-17,63.645423889160156
2021-06-18,63.62577819824219
2021-06-21,63.54718017578125
2021-06-22,63.665077209472656
2021-06-23,63.27208709716797
2021-06-24,63.44892883300781
2021-06-25,63.42927932739258
2021-06-28,63.46858215332031
2021-06-29,64.05807495117188
2021-06-30,63.645423889160156
2021-07-01,63.86157989501953
2021-07-02,63.881221771240234
2021-07-05,63.76332473754883
2021-07-06,64.13666534423828
2021-07-07,64.90300750732422
2021-07-08,63.38997268676758
2021-07-09,63.29172897338867
2021-07-12,63.704376220703125
2021-07-13,63.42927932739258
2021-07-14,62.839786529541016
2021-07-15,61.97520065307617
2021-07-16,62.230648040771484
2021-07-19,61.93589782714844
2021-07-20,62.26994705200195
2021-07-21,62.643287658691406
2021-07-22,63.52752685546875
2021-07-23,64.27422332763672
2021-07-26,63.03628921508789
2021-07-27,62.839786529541016
2021-07-28,64.51001739501953
2021-07-29,64.76546478271484
2021-07-30,64.84406280517578
2021-08-02,65.8658447265625
2021-08-03,65.55145263671875
2021-08-04,66.39639282226562
2021-08-05,64.96195983886719
2021-08-06,64.74581146240234
2021-08-09,65.31565856933594
2021-08-10,64.78511810302734
2021-08-11,64.41177368164062
2021-08-12,64.19561767578125
2021-08-13,63.704376220703125
2021-08-16,63.31138229370117
2021-08-17,63.42927932739258
2021-08-18,71.99655151367188
2021-08-19,72.46814727783203
2021-08-20,72.68429565429688
2021-08-23,72.93974304199219
2021-08-24,73.23448181152344
2021-08-25,72.6449966430664
2021-08-26,73.33273315429688
2021-08-27,73.39168548583984
2021-08-30,74.04013061523438
2021-08-31,74.11872863769531
2021-09-01,74.92436981201172
2021-09-02,75.61210632324219
2021-09-03,75.88719940185547
2021-09-06,77.02688598632812
2021-09-07,76.69284057617188
2021-09-08,75.9854507446289
2021-09-09,76.06404113769531
2021-09-10,75.76930236816406
2021-09-13,76.45703887939453
2021-09-14,77.9700698852539
2021-09-15,78.59886932373047
2021-09-16,78.28446197509766
2021-09-17,76.96793365478516
2021-09-20,76.6535415649414
2021-09-21,77.26268005371094
2021-09-22,77.0661849975586
2021-09-23,77.8128662109375
2021-09-24,76.88933563232422
2021-09-27,75.9068603515625
2021-09-28,74.27591705322266
2021-09-29,74.59031677246094
2021-09-30,74.70822143554688
2021-10-01,72.84149169921875
2021-10-04,70.99442291259766
2021-10-05,71.42670440673828
2021-10-06,70.77826690673828
2021-10-07,71.80006408691406
2021-10-08,71.62321472167969
2021-10-11,71.9572525024414
2021-10-12,71.23021697998047
2021-10-13,71.7214584350586
2021-10-14,71.34812927246094
2021-10-15,71.2498550415039
2021-10-18,70.79792022705078
2021-10-19,73.37203216552734
2021-10-20,73.3523941040039
2021-10-21,73.68643188476562
2021-10-22,73.60783386230469
2021-10-25,74.3938217163086
2021-10-26,75.14051055908203
2021-10-27,74.15802001953125
2021-10-28,74.45276641845703
2021-10-29,74.33486938476562
2021-11-01,75.847900390625
2021-11-02,76.59458923339844
2021-11-03,77.14478302001953
2021-11-04,76.94828796386719
2021-11-05,76.79109954833984
2021-11-08,77.53777313232422
2021-11-09,76.96793365478516
2021-11-10,76.14264678955078
2021-11-11,74.0008316040039
2021-11-12,73.72572326660156
2021-11-15,74.72786712646484
2021-11-16,75.65141296386719
2021-11-17,76.12300872802734
2021-11-18,75.7103500366211
2021-11-19,75.80859375
2021-11-22,74.55101776123047
2021-11-23,73.11658477783203
2021-11-24,73.25413513183594
2021-11-25,73.86327362060547
2021-11-26,71.36775970458984
2021-11-29,71.80006408691406
2021-11-30,71.44637298583984
2021-12-01,72.09479522705078
2021-12-02,71.50531005859375
2021-12-03,71.68215942382812
2021-12-06,73.2737808227539
2021-12-07,75.1798095703125
2021-12-08,76.59458923339844
2021-12-09,77.61637878417969
2021-12-10,75.80859375
2021-12-13,75.82825469970703
2021-12-14,74.90470123291016
2021-12-15,75.67105102539062
2021-12-16,77.63602447509766
2021-12-17,76.69284057617188
2021-12-20,75.847900390625
2021-12-21,75.88719940185547
2021-12-22,77.14478302001953
2021-12-23,78.10762023925781
2021-12-27,79.0508041381836
2021-12-28,79.3848648071289
2021-12-29,79.2865982055664
2021-12-30,79.32589721679688
2022-01-03,78.26481628417969
2022-01-04,77.45917510986328
2022-01-05,76.41773986816406
2022-01-06,74.86540985107422
2022-01-07,73.1558837890625
2022-01-10,70.11018371582031
2022-01-11,70.48352813720703
2022-01-12,70.42456817626953
2022-01-13,69.89403533935547
2022-01-14,69.93333435058594
2022-01-17,70.6603775024414
2022-01-18,70.11018371582031
2022-01-19,70.93547058105469
2022-01-20,71.40707397460938
2022-01-21,69.9529800415039
2022-01-24,66.59288024902344
2022-01-25,66.92692565917969
2022-01-26,68.3810043334961
2022-01-27,68.4203109741211
2022-01-28,67.8504638671875
2022-01-31,69.59928894042969
2022-02-01,70.28703308105469
2022-02-02,71.2891616821289
2022-02-03,69.81543731689453
2022-02-04,69.52069091796875
2022-02-07,69.77613830566406
2022-02-08,69.44209289550781
2022-02-09,71.46601867675781
2022-02-10,71.09268188476562
2022-02-11,70.07087707519531
2022-02-14,69.7171859741211
2022-02-15,71.19091796875
2022-02-16,72.68429565429688
2022-02-17,70.09053802490234
2022-02-18,69.206298828125
2022-02-21,68.69538879394531
2022-02-22,69.30455017089844
2022-02-23,68.73470306396484
2022-02-24,67.59502410888672
2022-02-25,69.63858795166016
2022-02-28,69.83509063720703
2022-03-01,68.97049713134766
2022-03-02,69.57964324951172
2022-03-03,69.40279388427734
2022-03-04,67.45747375488281
2022-03-07,67.24132537841797
2022-03-08,65.11915588378906
2022-03-09,67.83081817626953
2022-03-10,67.02517700195312
2022-03-11,68.00767517089844
2022-03-14,67.0448226928711
2022-03-15,66.71077728271484
2022-03-16,68.95085144042969
2022-03-17,70.40494537353516
2022-03-18,70.99442291259766
2022-03-21,70.60142517089844
2022-03-22,70.75862884521484
2022-03-23,69.83509063720703
2022-03-24,69.46173858642578
2022-03-25,69.3635025024414
2022-03-28,71.15161895751953
2022-03-29,74.0008316040039
2022-03-30,73.84363555908203
2022-03-31,72.40918731689453
2022-04-01,71.91795349121094
2022-04-04,72.40918731689453
2022-04-05,72.60570526123047
2022-04-06,72.42884826660156
2022-04-07,73.8829345703125
2022-04-08,74.33486938476562
2022-04-11,74.05977630615234
2022-04-12,73.7453842163086
2022-04-13,71.66251373291016
2022-04-14,72.03585815429688
2022-04-19,72.95939636230469
2022-04-20,75.16016387939453
2022-04-21,75.65141296386719
2022-04-22,73.86327362060547
2022-04-25,72.60570526123047
2022-04-26,70.40494537353516
2022-04-27,70.73897552490234
2022-04-28,69.3241958618164
2022-04-29,69.0687484741211
2022-05-02,68.16485595703125
2022-05-03,68.73635864257812
2022-05-04,68.10574340820312
2022-05-05,68.40132904052734
2022-05-06,67.21894836425781
2022-05-09,64.14472961425781
2022-05-10,63.17911148071289
2022-05-11,68.9925308227539
2022-05-12,67.73131561279297
2022-05-13,70.0763931274414
2022-05-16,70.03697967529297
2022-05-17,70.43112182617188
2022-05-18,69.74138641357422
2022-05-19,68.49987030029297
2022-05-20,69.26842498779297
2022-05-23,69.6231460571289
2022-05-24,69.46549224853516
2022-05-25,68.77576446533203
2022-05-27,70.58876037597656
2022-05-30,71.7908706665039
2022-05-31,70.74642181396484
2022-06-01,69.91873931884766
2022-06-02,71.96822357177734
2022-06-03,71.1602554321289
2022-06-07,72.20469665527344
2022-06-08,72.40176391601562
2022-06-09,71.00259399414062
2022-06-10,68.28309631347656
2022-06-13,65.95773315429688
2022-06-14,65.3468246459961
2022-06-15,65.30741119384766
2022-06-16,61.91789627075195
2022-06-17,62.903221130371094
2022-06-20,62.78498458862305
2022-06-21,63.00175094604492
2022-06-22,63.21852493286133
2022-06-23,63.790016174316406
2022-06-24,65.16946411132812
2022-06-27,65.6424331665039
2022-06-28,65.46507263183594
2022-06-29,65.07093811035156
2022-06-30,65.70154571533203
2022-07-01,66.4306869506836
2022-07-04,66.9627685546875
2022-07-05,66.84451293945312
2022-07-06,68.02691650390625
2022-07-07,68.53927612304688
2022-07-08,69.07136535644531
2022-07-11,68.57868957519531
2022-07-12,68.02691650390625
2022-07-13,68.04661560058594
2022-07-14,67.3174819946289
2022-07-15,68.77576446533203
2022-07-18,68.30280303955078
2022-07-19,69.0516586303711
2022-07-20,69.26842498779297
2022-07-21,70.88436126708984
2022-07-22,70.78582763671875
2022-07-25,70.45081329345703
2022-07-26,70.56906127929688
2022-07-27,71.21936798095703
2022-07-28,72.55941772460938
2022-07-29,73.3476791381836
2022-08-02,72.73677062988281
2022-08-03,73.40679931640625
2022-08-04,73.40679931640625
2022-08-05,72.99295806884766
2022-08-08,72.00763702392578
2022-08-09,71.31790161132812
2022-08-10,66.76570129394531
2022-08-11,66.25332641601562
2022-08-12,64.5191650390625
2022-08-15,64.38121032714844
2022-08-16,64.55856323242188
2022-08-17,64.32208251953125
2022-08-18,64.69651794433594
2022-08-19,65.2877197265625
2022-08-22,64.91328430175781
2022-08-23,64.93299102783203
2022-08-24,66.37157440185547
2022-08-25,65.93801879882812
2022-08-26,64.44032287597656
2022-08-29,62.96234130859375
2022-08-30,63.41558837890625
2022-08-31,63.61265182495117
2022-09-01,63.23823165893555
2022-09-02,65.05122375488281
2022-09-05,64.6571044921875
2022-09-06,64.53885650634766
2022-09-07,64.93299102783203
2022-09-08,65.2877197265625
2022-09-09,65.18917846679688
2022-09-12,65.60301208496094
2022-09-13,64.59798431396484
2022-09-14,64.42062377929688
2022-09-15,64.63739776611328
2022-09-16,63.10028839111328
2022-09-19,63.23823165893555
2022-09-20,61.957305908203125
2022-09-21,61.7602424621582
2022-09-22,59.651641845703125
2022-09-23,57.444515228271484
2022-09-26,56.57742691040039
2022-09-27,56.16358947753906
2022-09-28,55.41474151611328
2022-09-29,54.62648010253906
2022-09-30,57.286861419677734
2022-10-03,58.193363189697266
2022-10-04,59.868412017822266
2022-10-05,59.375755310058594
2022-10-06,59.13927459716797
2022-10-07,57.956878662109375
2022-10-10,57.227745056152344
2022-10-11,56.30153274536133
2022-10-12,56.045352935791016
2022-10-13,56.08475875854492
2022-10-14,57.740108489990234
2022-10-17,58.68602752685547
2022-10-18,59.31663513183594
2022-10-19,57.97658920288086
2022-10-20,57.91747283935547
2022-10-21,57.01097106933594
2022-10-24,58.351016998291016
2022-10-25,58.804264068603516
2022-10-26,60.08518600463867
2022-10-27,59.35604476928711
2022-10-28,59.94723892211914
2022-10-31,60.04576873779297
2022-11-01,59.809295654296875
2022-11-02,58.902793884277344
2022-11-03,56.61684036254883
2022-11-04,56.57742691040039
2022-11-07,56.30153274536133
2022-11-08,56.951847076416016
2022-11-09,56.65625
2022-11-10,58.291893005371094
2022-11-11,60.4990234375
2022-11-14,59.96695327758789
2022-11-15,59.73046875
2022-11-16,62.7652702331543
2022-11-17,60.83403778076172
2022-11-18,61.28728103637695
2022-11-21,62.0755500793457
2022-11-22,62.82439041137695
2022-11-23,63.00175094604492
2022-11-24,63.86883544921875
2022-11-25,63.41558837890625
2022-11-28,63.57323455810547
2022-11-29,63.21852493286133
2022-11-30,63.119991302490234
2022-12-01,64.5191650390625
2022-12-02,64.63739776611328
2022-12-05,63.8491325378418
2022-12-06,62.41055679321289
2022-12-07,62.666744232177734
2022-12-08,63.41558837890625
2022-12-09,63.63235855102539
2022-12-12,64.73592376708984
2022-12-13,65.54388427734375
2022-12-14,65.32713317871094
2022-12-15,63.10028839111328
2022-12-16,61.34640121459961
2022-12-19,61.661712646484375
2022-12-20,60.400489807128906
2022-12-21,62.44997024536133
2022-12-22,61.9967155456543
2022-12-23,62.33172607421875
2022-12-27,62.19378662109375
2022-12-28,62.19378662109375
2022-12-29,62.903221130371094
2022-12-30,62.252906799316406
2023-01-03,63.47470474243164
2023-01-04,63.9870719909668
2023-01-05,64.83446502685547
2023-01-06,65.2088851928711
2023-01-09,65.60301208496094
2023-01-10,65.74095916748047
2023-01-11,66.03655242919922
2023-01-12,66.45039367675781
2023-01-13,67.2386474609375
2023-01-16,68.24369812011719
2023-01-17,67.65249633789062
2023-01-18,67.53424835205078
2023-01-19,67.08100891113281
2023-01-20,67.67219543457031
2023-01-23,68.91371154785156
2023-01-24,66.98247528076172
2023-01-25,66.92334747314453
2023-01-26,67.65249633789062
2023-01-27,67.55396270751953
2023-01-30,67.98750305175781
2023-01-31,67.65249633789062
2023-02-01,67.75102996826172
2023-02-02,69.32754516601562
2023-02-03,69.4063720703125
2023-02-06,69.11077117919922
2023-02-07,68.40132904052734
2023-02-08,68.75605010986328
2023-02-09,68.63782501220703
2023-02-10,67.53424835205078
2023-02-13,67.88897705078125
2023-02-14,68.2239761352539
2023-02-15,68.63782501220703
2023-02-16,68.20428466796875
2023-02-17,66.66716003417969
2023-02-20,67.19924926757812
2023-02-21,66.92334747314453
2023-02-22,66.47010040283203
2023-02-23,66.41097259521484
2023-02-24,65.40594482421875
2023-02-27,65.85919189453125
2023-02-28,63.21852493286133
2023-03-01,62.60762023925781
2023-03-02,62.883514404296875
2023-03-03,63.23823165893555
2023-03-06,63.06087112426758
2023-03-07,62.11495590209961
2023-03-08,61.563175201416016
2023-03-09,61.52375793457031
2023-03-10,59.2772216796875
2023-03-13,58.62690734863281
2023-03-14,59.13927459716797
2023-03-15,59.04073715209961
2023-03-16,61.12963104248047
2023-03-17,60.124603271484375
2023-03-20,60.42020034790039
2023-03-21,61.20846176147461
2023-03-22,61.582881927490234
2023-03-23,61.582881927490234
2023-03-24,60.16401290893555
2023-03-27,61.484352111816406
2023-03-28,61.77994918823242
2023-03-29,61.10992431640625
2023-03-30,63.9870719909668
2023-03-31,63.7505989074707
2023-04-03,63.13970184326172
2023-04-04,62.82439041137695
2023-04-05,61.937599182128906
2023-04-06,63.23823165893555
2023-04-11,62.174072265625
2023-04-12,62.706153869628906
2023-04-13,62.94263458251953
2023-04-14,63.45500564575195
2023-04-17,62.52879333496094
2023-04-18,63.13970184326172
2023-04-19,62.52879333496094
2023-04-20,62.92292785644531
2023-04-21,64.2432632446289
2023-04-24,64.6571044921875
2023-04-25,63.73089599609375
2023-04-26,63.159400939941406
2023-04-27,62.706153869628906
2023-04-28,63.86883544921875
2023-05-02,63.29734802246094
2023-05-03,64.59798431396484
2023-05-04,64.14472961425781
2023-05-05,64.203857421875
2023-05-08,65.40594482421875
2023-05-09,64.77533721923828
2023-05-10,69.76718139648438
2023-05-11,70.51842498779297
2023-05-12,70.1625747680664
2023-05-15,70.55796813964844
2023-05-16,70.93360137939453
2023-05-17,71.19059753417969
2023-05-19,72.57447814941406
2023-05-22,72.71286010742188
2023-05-23,71.92207336425781
2023-05-24,70.04395294189453
2023-05-25,70.06372833251953
2023-05-26,70.85450744628906
2023-05-30,70.20211791992188
2023-05-31,69.84626007080078
2023-06-01,70.47888946533203
2023-06-02,71.2696762084961
2023-06-05,71.07198333740234
2023-06-06,71.62552642822266
2023-06-07,69.92533874511719
2023-06-08,70.10326385498047
2023-06-09,70.4195785522461
2023-06-12,70.26142120361328
2023-06-13,70.77543640136719
2023-06-14,70.97313690185547
2023-06-15,70.79521179199219
2023-06-16,71.78369903564453
2023-06-19,71.42784118652344
2023-06-20,71.2894515991211
2023-06-21,70.75566101074219
2023-06-22,71.09174346923828
2023-06-23,71.44760131835938
2023-06-26,71.15106201171875
2023-06-27,70.81497192382812
2023-06-28,71.60576629638672
2023-06-29,71.74415588378906
2023-06-30,73.24664306640625
2023-07-03,71.68482971191406
2023-07-04,72.39653778076172
2023-07-05,72.15930938720703
2023-07-06,71.42784118652344
2023-07-07,70.89405059814453
2023-07-10,71.78369903564453
2023-07-11,72.33724212646484
2023-07-12,72.2779312133789
2023-07-13,72.08023071289062
2023-07-14,72.4953842163086
2023-07-17,71.78369903564453
2023-07-18,71.80345153808594
2023-07-19,71.66506958007812
2023-07-20,72.2581558227539
2023-07-21,72.45586395263672
2023-07-24,71.98139190673828
2023-07-25,72.1197738647461
2023-07-26,71.96161651611328
2023-07-27,73.18733978271484
2023-07-28,73.14779663085938
2023-07-31,73.18733978271484
2023-08-02,71.72437286376953
2023-08-03,71.03244018554688
2023-08-04,70.69635772705078
2023-08-07,70.85450744628906
2023-08-08,70.39981079101562
2023-08-09,70.87428283691406
2023-08-10,71.32898712158203
2023-08-11,70.28118896484375
2023-08-14,70.89405059814453
2023-08-15,69.84626007080078
2023-08-16,70.51842498779297
2023-08-17,71.38829803466797
2023-08-18,71.42784118652344
2023-08-21,72.43608856201172
2023-08-22,73.24664306640625
2023-08-23,73.1280288696289
2023-08-24,72.81171417236328
2023-08-25,72.79194641113281
2023-08-28,73.30595397949219
2023-08-29,74.07697296142578
2023-08-30,73.8792724609375
2023-08-31,73.06871795654297
2023-09-01,72.35700988769531
2023-09-04,71.96161651611328
2023-09-05,71.90230560302734
2023-09-06,72.43608856201172
2023-09-07,72.96986389160156
2023-09-08,72.75240325927734
2023-09-11,73.06871795654297
2023-09-12,73.58272552490234
2023-09-13,71.86276245117188
2023-09-14,72.2581558227539
2023-09-15,73.24664306640625
2023-09-18,71.96161651611328
2023-09-19,71.13128662109375
2023-09-20,71.66506958007812
2023-09-21,70.1427993774414
2023-09-22,70.32073211669922
2023-09-25,70.28118896484375
2023-09-26,69.68810272216797
2023-09-27,69.39155578613281
2023-09-28,70.5777359008789
2023-09-29,70.12303924560547
2023-10-02,68.81824493408203
2023-10-03,67.86930084228516
2023-10-04,67.84951782226562
2023-10-05,67.82975769042969
2023-10-06,68.06698608398438
2023-10-09,67.25643157958984
2023-10-10,68.62053680419922
2023-10-11,67.25643157958984
2023-10-12,67.31574249267578
2023-10-13,67.05873107910156
2023-10-16,67.84951782226562
2023-10-17,66.84127044677734
2023-10-18,65.37831115722656
2023-10-19,64.5479965209961
2023-10-20,63.974666595458984
2023-10-23,64.0932846069336
2023-10-24,64.6666030883789
2023-10-25,63.87582015991211
2023-10-26,61.958160400390625
2023-10-27,62.41286087036133
2023-10-30,62.43263244628906
2023-10-31,64.07351684570312
2023-11-01,64.82476043701172
2023-11-02,65.14108276367188
2023-11-03,66.24817657470703
2023-11-06,65.91209411621094
2023-11-07,65.85279083251953
2023-11-08,65.37831115722656
2023-11-09,65.55623626708984
2023-11-10,64.19213104248047
2023-11-13,64.86430358886719
2023-11-14,66.18887329101562
2023-11-15,62.65009689331055
2023-11-16,61.54299545288086
2023-11-17,61.76046371459961
2023-11-20,62.27447509765625
2023-11-21,62.84779739379883
2023-11-22,64.2514419555664
2023-11-23,64.03397369384766
2023-11-24,63.91535568237305
2023-11-27,63.974666595458984
2023-11-28,64.05374145507812
2023-11-29,64.6666030883789
2023-11-30,65.16084289550781
2023-12-01,64.96315002441406
2023-12-04,63.2827262878418
2023-12-05,62.29424285888672
2023-12-06,62.472171783447266
2023-12-07,62.29424285888672
2023-12-08,62.37331771850586
2023-12-11,63.02572250366211
2023-12-12,63.045494079589844
2023-12-13,64.2514419555664
2023-12-14,65.8330078125
2023-12-15,65.23992156982422
2023-12-18,64.52821350097656
2023-12-19,64.5084457397461
2023-12-20,64.5875244140625
2023-12-21,64.70614624023438
2023-12-22,65.31901550292969
2023-12-27,64.70614624023438
2023-12-28,64.78522491455078
2023-12-29,64.88407135009766
2024-01-03,63.50019073486328
2024-01-04,63.638580322265625
2024-01-05,63.322265625
2024-01-08,64.33052062988281
2024-01-09,65.5167007446289
2024-01-10,67.77044677734375
2024-01-11,67.05873107910156
2024-01-12,67.25643157958984
2024-01-15,67.1180419921875
2024-01-16,67.03897094726562
2024-01-17,66.07024383544922
2024-01-18,66.34703063964844
2024-01-19,66.52495574951172
2024-01-22,67.6320571899414
2024-01-23,65.77371215820312
2024-01-24,65.71440124511719
2024-01-25,65.5364761352539
2024-01-26,65.57600402832031
2024-01-29,64.27120971679688
2024-01-30,64.82476043701172
2024-01-31,64.6863784790039
2024-02-01,64.23167419433594
2024-02-02,63.93512725830078
2024-02-05,64.96315002441406
2024-02-06,66.01094055175781
2024-02-07,65.81324768066406
2024-02-08,65.27946472167969
2024-02-09,66.48542022705078
2024-02-12,66.7819595336914
2024-02-13,66.2086410522461
2024-02-14,67.17735290527344
2024-02-15,67.59251403808594
2024-02-16,67.67160034179688
2024-02-19,67.6320571899414
2024-02-20,68.08675384521484
2024-02-21,68.3042221069336
2024-02-22,69.88579559326172
2024-02-23,69.68810272216797
2024-02-26,69.62879943847656
2024-02-27,70.12303924560547
2024-02-28,73.80020141601562
2024-02-29,74.31420135498047
2024-03-01,75.2433853149414
2024-03-04,75.14453125
2024-03-05,74.41304779052734
2024-03-06,75.08521270751953
2024-03-07,75.42131042480469
2024-03-08,75.9155502319336
2024-03-11,76.31094360351562
2024-03-12,76.39002227783203
2024-03-13,76.0737075805664
2024-03-14,76.014404296875
2024-03-15,74.65028381347656
2024-03-18,74.17581176757812
2024-03-19,74.27466583251953
2024-03-20,74.03742980957031
2024-03-21,74.80845642089844
2024-03-22,74.05719757080078
2024-03-25,73.8990478515625
2024-03-26,73.8792724609375
2024-03-27,74.35375213623047
2024-03-28,73.8792724609375
2024-04-02,73.22687530517578
2024-04-03,74.13628387451172
2024-04-04,75.30269622802734
2024-04-05,75.18406677246094
2024-04-08,75.30269622802734
2024-04-09,74.2351303100586
2024-04-10,74.11651611328125
2024-04-11,73.9583511352539
2024-04-12,73.32572174072266
2024-04-15,73.91880798339844
2024-04-16,72.10000610351562
2024-04-17,71.17082977294922
2024-04-18,71.2894515991211
2024-04-19,71.64530944824219
2024-04-22,72.35700988769531
2024-04-23,72.93032836914062
2024-04-24,71.96161651611328
2024-04-25,70.73589324951172
2024-04-26,71.17082977294922
2024-04-29,70.9928970336914
2024-04-30,70.28118896484375
2024-05-02,70.38003540039062
2024-05-03,71.32898712158203
2024-05-06,71.66506958007812
2024-05-07,72.47563171386719
2024-05-08,72.10000610351562
2024-05-10,72.75240325927734
2024-05-13,73.48387908935547
2024-05-14,79.27532958984375
2024-05-15,80.04883575439453
2024-05-16,80.20750427246094
2024-05-17,79.4141616821289
2024-05-21,79.77117156982422
2024-05-22,81.7545394897461
2024-05-23,82.0718765258789
2024-05-24,81.33802795410156
2024-05-27,81.59586334228516
2024-05-28,80.18767547607422
2024-05-29,79.33483123779297
2024-05-30,79.53315734863281
2024-05-31,79.6719970703125
2024-06-03,79.33483123779297
2024-06-04,79.19599151611328
2024-06-05,80.544677734375
2024-06-06,81.25869750976562
2024-06-07,81.47686767578125
2024-06-10,81.10002899169922
2024-06-11,80.32650756835938
2024-06-12,81.41736602783203
2024-06-13,81.02068328857422
2024-06-14,79.77117156982422
2024-06-17,77.90679931640625
2024-06-18,78.06546783447266
2024-06-19,77.90679931640625
2024-06-20,79.2158203125
2024-06-21,78.7596435546875
2024-06-24,80.12818145751953
2024-06-25,79.4141616821289
2024-06-26,79.4736557006836
2024-06-27,79.65216827392578
2024-06-28,79.5530014038086
2024-07-01,79.5133285522461
2024-07-02,79.57282257080078
2024-07-03,78.81915283203125
2024-07-04,80.14801025390625
2024-07-05,79.35465240478516
2024-07-08,79.9298324584961
2024-07-09,79.45382690429688
2024-07-10,78.62081146240234
2024-07-11,80.12818145751953
2024-07-12,81.04052734375
2024-07-15,80.02900695800781
2024-07-16,79.71166229248047
2024-07-17,79.4141616821289
2024-07-18,78.89847564697266
2024-07-19,79.29515838623047
2024-07-22,79.65216827392578
2024-07-23,80.14801025390625
2024-07-24,80.44551086425781
2024-07-25,81.2983627319336
2024-07-26,82.30987548828125
2024-07-29,82.27021789550781
2024-07-30,82.23054504394531
2024-07-31,82.68671417236328
2024-08-02,78.42247772216797
2024-08-05,76.18126678466797
2024-08-06,76.79611206054688
2024-08-07,79.33483123779297
2024-08-08,79.01748657226562
2024-08-09,79.79100036621094
2024-08-12,78.89847564697266
2024-08-13,79.25548553466797
2024-08-14,79.9695053100586
2024-08-15,81.47686767578125
2024-08-16,81.55619812011719
2024-08-19,82.25038146972656
2024-08-20,82.01237487792969
2024-08-21,80.10833740234375
2024-08-22,80.78268432617188
2024-08-23,80.98103332519531
2024-08-26,80.2868423461914
2024-08-27,80.40584564208984
2024-08-28,80.78268432617188
2024-08-29,81.7148666381836
2024-08-30,81.6156997680664
2024-09-02,81.45703125
2024-09-03,80.92151641845703
2024-09-04,79.49349975585938
2024-09-05,78.99765014648438
2024-09-06,78.60098266601562
2024-09-09,81.33802795410156
2024-09-10,81.8338623046875
2024-09-11,81.7148666381836
2024-09-12,83.97591400146484
2024-09-13,82.58755493164062
2024-09-16,82.64704895019531
2024-09-17,82.30987548828125
2024-09-18,80.90168762207031
2024-09-19,82.34954833984375
2024-09-20,81.7545394897461
2024-09-23,82.48838806152344
2024-09-24,82.58755493164062
2024-09-25,83.16272735595703
2024-09-26,83.0437240600586
2024-09-27,83.9560775756836
2024-09-30,83.61890411376953
2024-10-01,83.46024322509766
2024-10-02,83.71807098388672
2024-10-03,83.28173828125
2024-10-04,82.34954833984375
2024-10-07,81.63553619384766
2024-10-08,81.35786437988281
2024-10-09,81.93303680419922
2024-10-10,81.45703125
2024-10-11,82.15120697021484
2024-10-14,82.86522674560547
2024-10-15,83.30156707763672
2024-10-16,81.9132080078125
2024-10-17,81.55619812011719
2024-10-18,81.69503021240234
2024-10-21,81.13968658447266
2024-10-22,80.90168762207031
2024-10-23,80.98103332519531
2024-10-24,81.04052734375
2024-10-25,81.27852630615234
2024-10-28,81.47686767578125
2024-10-29,81.51653289794922
2024-10-30,80.40584564208984
2024-10-31,78.91831970214844
2024-11-01,79.53315734863281
2024-11-04,78.6406478881836
2024-11-05,79.33483123779297
2024-11-06,79.0968246459961
2024-11-07,79.9695053100586
2024-11-08,80.34634399414062
2024-11-11,81.10002899169922
2024-11-12,76.51844024658203
2024-11-13,76.59777069091797
2024-11-14,75.82425689697266
2024-11-15,74.49540710449219
2024-11-18,75.8440933227539
2024-11-19,74.97140502929688
2024-11-20,74.79290771484375
2024-11-21,75.26891326904297
2024-11-22,76.04242706298828
2024-11-25,75.60608673095703
2024-11-26,76.97461700439453
2024-11-27,77.35144805908203
2024-11-28,77.39112091064453
2024-11-29,77.7282943725586
2024-12-02,77.41095733642578
2024-12-03,76.47877502441406
2024-12-04,77.39112091064453
2024-12-05,76.51844024658203
2024-12-06,75.90359497070312
2024-12-09,75.76476287841797
2024-12-10,75.44741821289062
2024-12-11,75.44741821289062
2024-12-12,75.92342376708984
2024-12-13,74.59457397460938
2024-12-16,74.97140502929688
2024-12-17,75.68541717529297
2024-12-18,75.9829330444336
2024-12-19,75.13008117675781
2024-12-20,75.3879165649414
2024-12-23,75.82425689697266
2024-12-27,76.51844024658203
2024-12-30,76.26060485839844
2025-01-03,75.74491882324219
2025-01-06,75.8440933227539
2025-01-07,76.57794189453125
2025-01-08,75.70525360107422
2025-01-09,75.74491882324219
2025-01-10,76.24076843261719
2025-01-13,75.40775299072266
2025-01-14,75.0705795288086
2025-01-15,75.20940399169922
2025-01-16,75.80442810058594
2025-01-17,76.55810546875
2025-01-20,77.33161926269531
2025-01-21,78.79931640625
2025-01-22,80.22734069824219
2025-01-23,79.79100036621094
2025-01-24,79.94966888427734
2025-01-27,80.8421859741211
2025-01-28,81.93303680419922
2025-01-29,82.15120697021484
2025-01-30,83.3610610961914
2025-01-31,83.02389526367188
2025-02-03,82.23054504394531
2025-02-04,82.1115493774414
2025-02-05,83.12306213378906
2025-02-06,82.88505554199219
2025-02-07,81.6156997680664
2025-02-10,81.02068328857422
2025-02-11,81.43720245361328
2025-02-12,80.16783142089844
2025-02-13,81.23885345458984
2025-02-14,80.60417938232422
2025-02-17,81.0008544921875
2025-02-18,80.60417938232422
2025-02-19,80.2868423461914
2025-02-20,79.89016723632812
2025-02-21,80.56451416015625
2025-02-24,79.9695053100586
2025-02-25,79.49349975585938
2025-02-26,83.81724548339844
2025-02-27,82.30987548828125
2025-02-28,82.70655822753906
2025-03-03,83.63873291015625
2025-03-04,81.93303680419922
2025-03-05,82.84539031982422
2025-03-06,81.45703125
2025-03-07,79.8703384399414
2025-03-10,79.4736557006836
2025-03-11,77.21261596679688
2025-03-12,77.82746124267578
2025-03-13,76.61761474609375
2025-03-14,77.5894546508789
2025-03-17,78.22413635253906
2025-03-18,78.79931640625
2025-03-19,79.07698822021484
2025-03-20,80.10833740234375
2025-03-21,79.25548553466797
2025-03-24,81.08019256591797
2025-03-25,80.86202239990234
2025-03-26,79.73149871826172
2025-03-27,83.89657592773438
2025-03-28,83.6982421875
2025-03-31,82.52804565429688
2025-04-01,81.63553619384766
2025-04-02,81.10002899169922
2025-04-03,77.74813079833984
2025-04-04,72.21452331542969
2025-04-07,69.41797637939453
2025-04-08,72.35336303710938
2025-04-09,69.93363952636719
2025-04-10,71.79801177978516
2025-04-11,71.6988525390625
2025-04-14,73.50371551513672
2025-04-15,74.73340606689453
2025-04-16,75.11023712158203
2025-04-17,74.75323486328125
2025-04-22,75.03091430664062
2025-04-23,77.29195404052734
2025-04-24,76.95478057861328
2025-04-25,77.86712646484375
2025-04-28,78.06546783447266
2025-04-29,78.6406478881836
2025-04-30,78.99765014648438
2025-05-02,80.50502014160156
2025-05-05,80.00917053222656
2025-05-06,78.97782135009766
2025-05-07,77.64896392822266
2025-05-08,78.89847564697266
2025-05-09,79.15631866455078
2025-05-12,79.39432525634766
2025-05-13,78.81712341308594
2025-05-14,72.80632781982422
2025-05-15,72.76652526855469
2025-05-16,74.51801300048828
2025-05-19,73.72187805175781
2025-05-20,73.72187805175781
2025-05-21,72.78642272949219
2025-05-22,71.27377319335938
2025-05-23,70.53734588623047
2025-05-26,72.05000305175781
2025-05-27,71.61212921142578
2025-05-28,70.2188949584961
2025-05-30,70.35821533203125
2025-06-02,69.3829574584961
2025-06-03,69.90044403076172
2025-06-04,69.98005676269531
2025-06-05,71.41310119628906
2025-06-06,71.67183685302734
2025-06-10,72.66699981689453
2025-06-11,73.12478637695312
2025-06-12,72.24903106689453
2025-06-13,70.5572509765625
2025-06-16,69.46257019042969
2025-06-17,69.7213134765625
2025-06-18,69.16402435302734
2025-06-19,68.9052734375
2025-06-20,69.84073638916016
2025-06-23,68.92518615722656
2025-06-24,69.42276763916016
2025-06-25,70.07957458496094
2025-06-26,69.68150329589844
2025-06-27,70.01986694335938
2025-06-30,69.86063385009766
2025-07-01,70.35821533203125
2025-07-02,70.5572509765625
2025-07-03,69.4028549194336
2025-07-04,69.52227783203125
2025-07-07,69.3033447265625
2025-07-08,68.86547088623047
2025-07-09,68.28827667236328
2025-07-10,70.91551208496094
2025-07-11,69.54218292236328
2025-07-14,69.3829574584961
2025-07-15,68.60672760009766
2025-07-16,68.44750213623047
2025-07-17,69.34314727783203
2025-07-18,69.8009262084961
2025-07-21,69.56208801269531
2025-07-22,69.24363708496094
2025-07-23,71.63203430175781
2025-07-24,73.06507110595703
2025-07-25,72.36845397949219
2025-07-28,72.36845397949219
2025-07-29,73.26410675048828
2025-07-30,72.58739471435547
2025-07-31,71.4728012084961
2025-08-04,70.65676879882812
2025-08-05,70.25870513916016
2025-08-06,67.79069519042969
2025-08-07,68.34798431396484
2025-08-08,68.76595306396484
2025-08-11,68.72614288330078
2025-08-12,68.86547088623047
2025-08-13,69.7213134765625
2025-08-14,69.10431671142578
2025-08-15,70.1989974975586
2025-08-18,71.17425537109375
2025-08-19,72.01019287109375
2025-08-20,65.2430648803711
2025-08-21,63.571189880371094
2025-08-22,65.4819107055664
2025-08-25,65.16345977783203
2025-08-26,64.94451904296875
2025-08-27,65.2231674194336
2025-08-28,63.45176696777344
2025-08-29,63.35225296020508
2025-09-01,63.71051025390625
2025-09-02,62.69544219970703
2025-09-03,62.536216735839844
2025-09-04,63.15321731567383
2025-09-05,63.770225524902344
2025-09-08,62.89447784423828
2025-09-09,62.735252380371094
2025-09-10,62.89447784423828
2025-09-11,62.177955627441406
2025-09-12,62.357086181640625
2025-09-15,61.72018051147461
2025-09-16,61.023563385009766
2025-09-17,60.924049377441406
2025-09-18,60.904144287109375
2025-09-19,60.98375701904297
2025-09-22,61.322113037109375
2025-09-23,60.44636917114258
2025-09-24,59.51091384887695
2025-09-25,58.5555534362793
2025-09-26,58.655067443847656
2025-09-29,58.75458908081055
2025-09-30,58.9735221862793
2025-10-01,59.132747650146484
2025-10-02,59.65023422241211
2025-10-03,61.0434684753418
2025-10-06,61.202693939208984
2025-10-07,60.307044982910156
2025-10-08,61.0434684753418
2025-10-09,60.32694625854492
2025-10-10,57.83903503417969
2025-10-13,58.31671142578125
2025-10-14,58.595359802246094
2025-10-15,59.47110366821289
2025-10-16,59.948787689208984
2025-10-17,59.23226547241211
2025-10-20,59.63032913208008
2025-10-21,59.96868896484375
2025-10-22,60.62549591064453
2025-10-23,60.64540100097656
2025-10-24,60.82453155517578
2025-10-27,60.20752716064453
2025-10-28,59.17255401611328
2025-10-29,59.132747650146484
2025-10-30,59.45120620727539
2025-10-31,59.51091384887695
2025-11-03,58.67497253417969
2025-11-04,60.42646789550781
2025-11-05,59.55072021484375
2025-11-06,59.07304000854492
2025-11-07,58.734683990478516
2025-11-10,59.212364196777344
2025-11-11,61.401729583740234
2025-11-12,63.75031661987305
2025-11-13,62.57602310180664
2025-11-14,61.401729583740234
2025-11-17,61.103179931640625
2025-11-18,59.65023422241211
2025-11-19,60.20752716064453
2025-11-20,60.585693359375
2025-11-21,61.18279266357422
2025-11-24,61.282310485839844
2025-11-25,63.23283386230469
2025-11-26,63.65080261230469
2025-11-27,63.630897521972656
2025-11-28,63.55128479003906
2025-12-01,63.43186569213867
2025-12-02,63.23283386230469
2025-12-03,63.591094970703125
2025-12-04,63.13331604003906
2025-12-05,65.0838394165039
2025-12-08,63.929447174072266
2025-12-09,63.84983825683594
2025-12-10,63.71051025390625
2025-12-11,62.69544219970703
2025-12-12,62.19786071777344
2025-12-15,62.93428421020508
2025-12-16,62.177955627441406
2025-12-17,63.05370330810547
2025-12-18,63.37215805053711
2025-12-19,63.23283386230469
2025-12-22,63.5313835144043
2025-12-23,63.093509674072266
2025-12-29,63.19302749633789
2025-12-30,62.97408676147461
2026-01-05,63.23283386230469
2026-01-06,64.90470886230469
2026-01-07,64.3275146484375
2026-01-08,64.2479019165039
2026-01-09,63.392059326171875
2026-01-12,64.10857391357422
2026-01-13,64.14838409423828
2026-01-14,63.43186569213867
2026-01-15,63.43186569213867
2026-01-16,63.65080261230469
2026-01-19,60.88424301147461
2026-01-20,62.237667083740234
2026-01-21,64.70567321777344
2026-01-22,64.36732482910156
2026-01-23,62.87457275390625
2026-01-26,62.357086181640625
2026-01-27,61.68037414550781
2026-01-28,61.501243591308594
2026-01-29,61.56095504760742
2026-01-30,62.11824417114258
2026-02-02,61.66046905517578
2026-02-03,60.187625885009766
2026-02-04,61.12308120727539
2026-02-05,61.0434684753418
2026-02-06,60.44636917114258
2026-02-09,59.7895622253418
2026-02-10,60.725013732910156
2026-02-11,59.82936477661133
2026-02-12,60.307044982910156
2026-02-13,60.70511245727539
2026-02-16,59.82936477661133
2026-02-17,61.60076141357422
2026-02-18,62.735252380371094
2026-02-19,63.610992431640625
2026-02-20,63.96925354003906
2026-02-23,63.47167205810547
2026-02-24,63.94935607910156
2026-02-25,66.7358169555664
2026-02-26,66.43727111816406
2026-02-27,66.53678131103516
2026-03-02,65.02412414550781
2026-03-03,63.65080261230469
2026-03-04,64.92461395263672
2026-03-05,64.06877136230469
2026-03-06,62.49641036987305
2026-03-09,62.39689254760742
2026-03-10,62.75515365600586
2026-03-11,62.257572174072266
2026-03-12,61.302207946777344
2026-03-13,60.5458869934082
2026-03-16,60.86433792114258
2026-03-17,60.904144287109375
2026-03-18,59.61043167114258
2026-03-19,59.19245910644531
2026-03-20,57.93855285644531
2026-03-23,58.03806686401367
2026-03-24,58.41623306274414
2026-03-25,59.23226547241211
2026-03-26,59.59052658081055
2026-03-27,58.77449035644531
2026-03-30,59.11284637451172
2026-03-31,58.9735221862793
2026-04-01,59.7895622253418
2026-04-02,60.02840042114258
2026-04-07,59.033233642578125
2026-04-08,60.904144287109375
2026-04-09,60.70511245727539
2026-04-10,61.302207946777344
2026-04-13,61.401729583740234
2026-04-14,62.735252380371094
2026-04-15,62.99399185180664
2026-04-16,62.61582946777344
2026-04-17,63.591094970703125
2026-04-20,62.257572174072266
2026-04-21,61.54104995727539
2026-04-22,60.10801315307617
2026-04-23,59.59052658081055
2026-04-24,59.013328552246094
2026-04-27,59.55072021484375
2026-04-28,59.19245910644531
2026-04-29,57.65990447998047
2026-04-30,57.93855285644531
2026-05-04,57.63999938964844
2026-05-05,58.220001220703125
2026-05-06,51.84000015258789
2026-05-07,50.31999969482422
2026-05-08,49.16999816894531
2026-05-11,48.75
2026-05-12,50.15999984741211
2026-05-13,49.61000061035156
2026-05-15,50.41999816894531
2026-05-18,51.41999816894531
2026-05-19,52.81999969482422
2026-05-20,52.97999954223633
2026-05-21,53.20000076293945
2026-05-22,53.279998779296875
2026-05-26,53.02000045776367
2026-05-27,52.7599983215332
2026-05-28,51.720001220703125
2026-05-29,52.099998474121094
2026-06-01,51.720001220703125
2026-06-02,50.97999954223633
2026-06-03,51.060001373291016
2026-06-04,52.08000183105469
2026-06-05,53.119998931884766
2026-06-08,53.2599983215332
2026-06-09,53.70000076293945
2026-06-10,53.65999984741211
2026-06-11,52.70000076293945
2026-06-12,53.15999984741211
2026-06-15,52.86000061035156
2026-06-16,52.52000045776367
2026-06-17,52.540000915527344
2026-06-18,51.900001525878906
2026-06-19,52.86000061035156
2026-06-22,52.779998779296875
2026-06-23,53.279998779296875
2026-06-24,55.380001068115234
2026-06-25,55.7400016784668
2026-06-26,55.20000076293945
2026-06-29,54.540000915527344
2026-06-30,54.599998474121094
2026-07-01,53.779998779296875
2026-07-02,55.060001373291016
2026-07-03,55.040000915527344
2026-07-06,54.939998626708984
2026-07-07,54.2400016784668
2026-07-08,54.0
2026-07-09,54.040000915527344
2026-07-10,54.439998626708984
2026-07-13,55.900001525878906
2026-07-14,54.20000076293945
2026-07-15,55.36000061035156
2026-07-16,56.939998626708984
2026-07-17,56.70000076293945
2026-07-21,55.81999969482422
2026-07-22,54.900001525878906
2026-07-23,54.70000076293945
2026-07-24,55.7400016784668
2026-07-27,55.68000030517578
2026-07-28,56.5
2026-07-29,57.13999938964844
2026-07-30,56.119998931884766
2026-07-31,55.380001068115234
2026-08-03,56.619998931884766
2026-08-04,57.220001220703125
2026-08-05,56.7400016784668
2026-08-06,56.41999816894531
2026-08-07,57.34000015258789
2026-08-10,58.31999969482422
2026-08-11,61.060001373291016
2026-08-12,59.220001220703125
2026-08-13,59.47999954223633
2026-08-14,60.68000030517578
2026-08-17,58.880001068115234
2026-08-18,60.34000015258789
